Session_ID,Model_Type,Audio_Duration_Sec,Ambient_Noise_dB,Rojak_Index,Processing_Latency_Sec,Word_Error_Rate_Pct
SES-1000,HM3_FineTuned,342.9,61.0,7,65.33,35.03
SES-1001,HM3_FineTuned,199.5,53.3,1,32.95,18.79
SES-1002,HM3_FineTuned,240.3,62.8,8,47.47,45.79
SES-1003,Base_Model,217.4,73.3,3,37.64,45.63
SES-1004,Base_Model,310.3,52.2,6,56.01,45.37
SES-1005,Base_Model,376.7,52.2,9,67.84,53.14
SES-1006,Base_Model,344.1,74.0,6,62.11,57.7
SES-1007,HM3_FineTuned,490.6,64.2,9,90.48,55.43
SES-1008,HM3_FineTuned,193.5,49.4,7,39.78,34.68
SES-1009,Base_Model,313.8,61.5,9,59.25,55.63
SES-1010,Base_Model,146.0,49.4,2,24.62,33.15
SES-1011,Base_Model,189.4,49.4,8,38.89,55.35
SES-1012,HM3_FineTuned,451.7,57.9,8,83.04,38.41
SES-1013,Base_Model,244.4,35.0,2,39.96,24.06
SES-1014,Base_Model,203.6,35.0,4,34.35,30.76
SES-1015,HM3_FineTuned,60.0,48.3,7,19.86,32.21
SES-1016,HM3_FineTuned,202.4,42.8,4,40.74,20.62
SES-1017,Base_Model,275.4,58.8,4,50.38,39.93
SES-1018,HM3_FineTuned,137.1,44.1,6,32.64,24.93
SES-1019,Base_Model,268.5,38.1,10,54.85,55.74
SES-1020,HM3_FineTuned,452.5,72.6,6,77.99,39.49
SES-1021,Base_Model,215.1,52.3,10,48.37,59.61
SES-1022,Base_Model,186.8,55.8,3,32.67,38.07
SES-1023,Base_Model,165.1,37.9,9,35.05,47.1
SES-1024,Base_Model,163.0,48.5,10,41.51,60.18
SES-1025,HM3_FineTuned,364.3,56.3,2,62.33,18.29
SES-1026,HM3_FineTuned,305.8,41.2,6,58.35,28.19
SES-1027,HM3_FineTuned,414.8,59.5,7,72.54,39.5
SES-1028,HM3_FineTuned,542.4,47.8,9,95.58,44.01
SES-1029,Base_Model,80.4,51.5,3,12.84,36.41
SES-1030,Base_Model,345.6,47.8,10,70.03,62.31
SES-1031,HM3_FineTuned,165.8,77.2,3,30.65,30.43
SES-1032,HM3_FineTuned,394.7,54.8,7,76.37,35.61
SES-1033,HM3_FineTuned,267.4,42.3,4,52.02,20.65
SES-1034,HM3_FineTuned,303.3,64.9,8,57.68,46.27
SES-1035,HM3_FineTuned,146.0,40.3,7,32.99,32.53
SES-1036,Base_Model,248.8,57.5,5,45.76,45.91
SES-1037,Base_Model,310.8,35.0,7,53.6,39.82
SES-1038,Base_Model,462.7,39.1,3,73.03,32.96
SES-1039,HM3_FineTuned,204.7,57.4,2,34.62,17.36
SES-1040,HM3_FineTuned,233.9,63.9,6,49.79,33.8
SES-1041,HM3_FineTuned,413.3,57.1,2,67.32,16.41
SES-1042,HM3_FineTuned,196.9,53.6,3,35.46,21.7
SES-1043,Base_Model,437.1,51.4,6,73.3,50.19
SES-1044,Base_Model,298.9,37.3,5,54.12,34.51
SES-1045,HM3_FineTuned,336.4,46.4,8,63.46,41.58
SES-1046,Base_Model,344.1,49.5,9,65.01,59.02
SES-1047,Base_Model,226.1,67.7,3,37.13,38.18
SES-1048,HM3_FineTuned,346.8,59.1,10,65.98,47.5
SES-1049,HM3_FineTuned,207.3,35.0,3,35.61,11.38
SES-1050,HM3_FineTuned,239.7,58.9,3,41.46,26.05
SES-1051,HM3_FineTuned,367.0,50.4,6,65.53,28.19
SES-1052,HM3_FineTuned,335.2,46.9,1,53.34,7.39
SES-1053,HM3_FineTuned,291.0,62.3,7,55.97,38.46
SES-1054,Base_Model,149.0,67.4,1,22.87,38.96
SES-1055,Base_Model,178.9,66.2,5,37.03,48.39
SES-1056,HM3_FineTuned,333.2,44.9,10,68.88,44.17
SES-1057,Base_Model,387.9,51.3,8,69.91,54.83
SES-1058,HM3_FineTuned,166.8,59.0,4,33.53,23.05
SES-1059,HM3_FineTuned,199.2,66.7,5,38.64,31.48
SES-1060,HM3_FineTuned,316.1,49.2,4,49.73,23.72
SES-1061,HM3_FineTuned,313.5,52.8,4,55.07,23.44
SES-1062,Base_Model,105.1,41.7,8,28.38,54.8
SES-1063,HM3_FineTuned,319.4,40.6,2,49.68,9.57
SES-1064,Base_Model,228.2,64.8,1,36.73,31.67
SES-1065,HM3_FineTuned,496.9,71.3,3,80.48,29.88
SES-1066,HM3_FineTuned,329.9,54.1,9,65.66,41.27
SES-1067,HM3_FineTuned,350.6,67.0,4,60.09,22.14
SES-1068,Base_Model,353.7,59.3,10,70.55,69.54
SES-1069,HM3_FineTuned,154.3,47.3,5,33.1,23.18
SES-1070,HM3_FineTuned,533.3,59.3,2,86.99,22.42
SES-1071,HM3_FineTuned,105.3,73.5,4,25.96,29.62
SES-1072,Base_Model,395.5,54.6,2,60.08,31.24
SES-1073,Base_Model,374.2,73.8,2,57.66,36.64
SES-1074,Base_Model,242.8,35.0,4,43.32,30.78
SES-1075,HM3_FineTuned,380.0,64.9,6,67.27,35.01
SES-1076,Base_Model,261.9,56.0,7,49.31,51.52
SES-1077,HM3_FineTuned,218.9,51.4,10,52.41,44.45
SES-1078,Base_Model,356.3,56.1,3,57.33,33.62
SES-1079,Base_Model,179.2,35.0,3,29.44,27.93
SES-1080,HM3_FineTuned,273.1,52.4,10,56.3,50.29
SES-1081,Base_Model,228.7,59.3,6,47.67,53.7
SES-1082,HM3_FineTuned,259.7,72.7,3,45.1,30.96
SES-1083,HM3_FineTuned,351.9,48.8,2,55.06,18.5
SES-1084,Base_Model,228.7,45.3,8,42.76,57.3
SES-1085,HM3_FineTuned,276.9,49.0,5,49.79,28.81
SES-1086,HM3_FineTuned,239.6,66.0,1,39.05,21.83
SES-1087,Base_Model,473.3,58.9,3,77.39,34.38
SES-1088,Base_Model,341.1,48.6,10,67.87,56.12
SES-1089,HM3_FineTuned,326.4,61.2,8,62.95,42.37
SES-1090,Base_Model,382.0,56.2,4,62.39,39.04
SES-1091,HM3_FineTuned,228.7,66.6,7,47.48,38.16
SES-1092,HM3_FineTuned,403.1,46.6,10,73.97,40.98
SES-1093,Base_Model,341.5,51.1,2,58.19,28.16
SES-1094,Base_Model,112.7,50.3,7,28.71,47.24
SES-1095,Base_Model,128.6,37.4,5,28.53,38.49
SES-1096,Base_Model,231.3,58.6,5,40.05,51.31
SES-1097,HM3_FineTuned,141.5,58.1,6,34.79,36.64
SES-1098,HM3_FineTuned,271.4,55.1,9,55.29,45.43
SES-1099,Base_Model,178.4,52.2,6,33.85,42.0
SES-1100,Base_Model,288.3,38.0,8,55.16,48.56
SES-1101,HM3_FineTuned,469.4,50.0,7,82.79,34.28
SES-1102,HM3_FineTuned,294.1,50.9,9,57.45,42.73
SES-1103,HM3_FineTuned,263.6,45.4,4,45.76,21.07
SES-1104,HM3_FineTuned,346.6,53.1,2,55.04,23.21
SES-1105,Base_Model,216.4,59.8,7,41.04,53.6
SES-1106,HM3_FineTuned,401.2,77.6,6,70.41,42.5
SES-1107,HM3_FineTuned,359.4,57.1,1,54.64,10.45
SES-1108,Base_Model,304.7,58.1,9,57.82,59.42
SES-1109,HM3_FineTuned,318.5,54.1,9,65.37,46.59
SES-1110,HM3_FineTuned,545.0,35.0,2,88.4,12.67
SES-1111,Base_Model,413.1,54.7,3,64.36,30.91
SES-1112,Base_Model,563.9,55.7,5,94.01,43.44
SES-1113,Base_Model,363.8,84.6,5,58.14,61.52
SES-1114,HM3_FineTuned,123.4,52.7,1,26.87,14.12
SES-1115,HM3_FineTuned,268.5,58.6,8,56.88,42.41
SES-1116,Base_Model,96.0,54.6,8,25.28,59.69
SES-1117,Base_Model,363.4,41.0,4,61.27,34.93
SES-1118,HM3_FineTuned,389.4,68.7,7,68.12,44.36
SES-1119,Base_Model,193.7,64.0,10,44.17,66.84
SES-1120,Base_Model,221.3,64.5,3,37.33,43.17
SES-1121,Base_Model,317.9,44.1,6,55.01,44.77
SES-1122,HM3_FineTuned,156.2,71.8,10,39.5,52.09
SES-1123,HM3_FineTuned,147.2,38.2,10,37.95,38.93
SES-1124,HM3_FineTuned,448.6,62.0,9,80.53,43.75
SES-1125,HM3_FineTuned,313.8,81.3,1,48.85,21.1
SES-1126,HM3_FineTuned,233.0,43.1,5,41.57,28.48
SES-1127,HM3_FineTuned,96.9,48.2,4,24.26,23.31
SES-1128,Base_Model,402.3,56.2,8,70.48,59.06
SES-1129,HM3_FineTuned,217.9,49.0,1,33.73,17.78
SES-1130,HM3_FineTuned,523.3,36.4,9,95.68,36.22
SES-1131,Base_Model,403.1,55.8,6,70.21,44.39
SES-1132,HM3_FineTuned,203.0,42.3,4,40.06,20.31
SES-1133,HM3_FineTuned,214.1,60.7,9,49.45,43.76
SES-1134,Base_Model,506.6,44.0,5,87.37,34.15
SES-1135,Base_Model,289.9,73.6,5,50.67,50.43
SES-1136,Base_Model,238.4,45.6,5,40.35,40.53
SES-1137,HM3_FineTuned,303.3,51.1,1,49.54,12.02
SES-1138,Base_Model,237.9,64.8,1,35.84,32.09
SES-1139,HM3_FineTuned,328.9,40.2,8,61.42,30.26
SES-1140,HM3_FineTuned,290.9,57.7,8,57.84,41.68
SES-1141,HM3_FineTuned,405.1,70.7,6,73.49,44.88
SES-1142,HM3_FineTuned,253.4,35.7,4,44.33,22.12
SES-1143,Base_Model,193.8,57.2,2,34.62,36.85
SES-1144,Base_Model,258.1,58.1,2,39.74,37.27
SES-1145,HM3_FineTuned,257.4,64.4,9,53.62,46.85
SES-1146,Base_Model,290.7,40.2,5,51.88,33.15
SES-1147,HM3_FineTuned,376.1,39.2,4,63.65,18.55
SES-1148,HM3_FineTuned,369.6,61.3,10,68.89,46.6
SES-1149,HM3_FineTuned,444.0,58.6,1,71.95,17.39
SES-1150,Base_Model,202.6,58.0,7,39.65,56.4
SES-1151,HM3_FineTuned,346.6,59.2,3,59.99,30.08
SES-1152,HM3_FineTuned,387.3,46.8,6,66.56,29.93
SES-1153,Base_Model,219.1,57.8,5,38.18,40.61
SES-1154,Base_Model,275.1,58.5,5,50.49,46.09
SES-1155,Base_Model,90.0,46.4,5,21.68,41.34
SES-1156,Base_Model,408.8,77.4,1,61.95,41.49
SES-1157,HM3_FineTuned,274.1,60.7,1,45.33,17.72
SES-1158,Base_Model,396.8,40.7,3,62.11,31.98
SES-1159,HM3_FineTuned,324.7,62.9,10,65.93,48.26
SES-1160,Base_Model,277.8,43.3,4,47.92,35.39
SES-1161,Base_Model,108.9,64.4,5,23.08,49.82
SES-1162,Base_Model,130.2,68.9,2,20.86,33.54
SES-1163,Base_Model,60.0,45.2,8,21.14,50.11
SES-1164,Base_Model,232.5,66.6,2,37.76,40.69
SES-1165,Base_Model,573.4,60.0,9,98.58,65.4
SES-1166,HM3_FineTuned,145.4,64.9,2,24.75,21.75
SES-1167,Base_Model,60.0,77.8,9,22.52,71.16
SES-1168,Base_Model,415.5,52.1,7,71.9,55.39
SES-1169,Base_Model,583.6,46.0,8,97.48,50.23
SES-1170,Base_Model,335.8,44.3,2,53.45,28.06
SES-1171,HM3_FineTuned,334.6,45.2,7,65.91,32.04
SES-1172,Base_Model,262.8,54.1,6,47.69,47.38
SES-1173,Base_Model,84.7,59.1,4,21.7,45.91
SES-1174,Base_Model,125.9,58.3,7,33.62,50.51
SES-1175,Base_Model,262.0,64.9,4,43.39,49.58
SES-1176,HM3_FineTuned,239.0,55.2,2,40.87,16.66
SES-1177,Base_Model,286.2,72.4,10,62.13,65.18
SES-1178,HM3_FineTuned,399.5,51.8,7,72.19,36.8
SES-1179,Base_Model,230.2,85.0,8,46.6,70.69
SES-1180,HM3_FineTuned,402.0,62.5,2,61.95,22.54
SES-1181,HM3_FineTuned,231.0,44.7,5,43.08,26.69
SES-1182,Base_Model,424.6,42.1,1,66.3,31.22
SES-1183,Base_Model,310.4,60.8,7,61.91,57.55
SES-1184,HM3_FineTuned,247.7,52.3,8,50.76,39.02
SES-1185,HM3_FineTuned,308.3,63.6,6,53.92,35.13
SES-1186,Base_Model,264.8,60.7,5,44.41,50.06
SES-1187,HM3_FineTuned,313.6,54.1,6,57.96,35.14
SES-1188,HM3_FineTuned,391.0,44.8,2,66.0,16.19
SES-1189,HM3_FineTuned,289.5,36.8,1,48.2,7.25
SES-1190,Base_Model,255.7,49.6,7,49.77,49.13
SES-1191,HM3_FineTuned,165.2,65.3,7,39.89,40.17
SES-1192,HM3_FineTuned,369.5,57.6,10,70.98,47.1
SES-1193,HM3_FineTuned,341.8,40.1,10,68.31,39.22
SES-1194,Base_Model,158.2,57.1,2,25.68,35.63
SES-1195,Base_Model,400.3,59.6,2,62.5,33.91
SES-1196,HM3_FineTuned,156.2,44.4,1,24.92,11.79
SES-1197,Base_Model,423.5,56.8,10,77.84,56.44
SES-1198,HM3_FineTuned,382.5,55.7,8,71.33,38.48
SES-1199,Base_Model,350.4,41.3,8,63.81,52.81
SES-1200,Base_Model,254.8,59.3,1,39.39,29.52
SES-1201,HM3_FineTuned,369.1,61.7,8,70.17,44.47
SES-1202,Base_Model,429.2,68.0,9,80.35,61.25
SES-1203,Base_Model,371.1,67.6,4,64.28,48.39
SES-1204,Base_Model,219.6,38.5,1,35.96,23.0
SES-1205,HM3_FineTuned,332.1,43.7,1,50.79,9.99
SES-1206,Base_Model,435.8,61.2,3,69.16,40.14
SES-1207,Base_Model,563.9,61.2,5,91.54,42.94
SES-1208,HM3_FineTuned,275.4,61.2,5,49.49,34.89
SES-1209,Base_Model,402.9,85.0,9,74.63,74.41
SES-1210,Base_Model,436.1,61.9,10,77.23,63.66
SES-1211,Base_Model,202.5,68.6,2,36.76,41.02
SES-1212,Base_Model,513.8,66.4,2,82.47,40.92
SES-1213,Base_Model,172.2,62.8,6,35.78,50.85
SES-1214,HM3_FineTuned,397.1,51.2,9,74.94,38.66
SES-1215,HM3_FineTuned,336.6,64.1,1,56.45,23.93
SES-1216,Base_Model,306.7,45.7,9,60.88,53.61
SES-1217,Base_Model,605.6,52.2,9,106.56,55.54
SES-1218,Base_Model,263.8,49.2,9,52.96,61.09
SES-1219,HM3_FineTuned,261.9,56.0,5,52.37,31.72
SES-1220,HM3_FineTuned,459.8,82.8,9,86.8,55.38
SES-1221,Base_Model,391.4,35.0,4,65.73,30.09
SES-1222,Base_Model,453.9,63.2,2,73.59,39.7
SES-1223,HM3_FineTuned,314.0,35.6,6,57.27,33.95
SES-1224,Base_Model,338.0,49.3,4,54.37,41.38
SES-1225,HM3_FineTuned,528.1,68.1,6,90.86,39.72
SES-1226,HM3_FineTuned,199.7,55.8,3,36.34,24.97
SES-1227,Base_Model,287.7,42.1,6,51.75,41.84
SES-1228,HM3_FineTuned,395.8,46.4,2,66.8,14.55
SES-1229,Base_Model,276.5,63.2,2,44.81,36.21
SES-1230,Base_Model,231.6,46.2,9,48.76,53.27
SES-1231,Base_Model,374.2,57.6,7,65.98,51.48
SES-1232,Base_Model,460.3,55.5,3,75.31,36.65
SES-1233,Base_Model,283.1,47.2,1,45.37,26.64
SES-1234,Base_Model,279.8,80.7,8,55.71,64.47
SES-1235,HM3_FineTuned,222.3,62.6,6,43.35,36.77
SES-1236,HM3_FineTuned,264.5,35.0,7,54.78,28.74
SES-1237,HM3_FineTuned,430.0,57.2,9,83.68,44.9
SES-1238,HM3_FineTuned,309.7,47.1,5,57.64,30.89
SES-1239,Base_Model,203.4,65.2,1,30.39,34.82
SES-1240,HM3_FineTuned,331.5,45.5,10,65.12,49.83
SES-1241,HM3_FineTuned,426.1,53.6,7,75.67,37.01
SES-1242,HM3_FineTuned,232.6,61.1,5,43.26,30.58
SES-1243,Base_Model,140.6,65.4,3,25.44,45.7
SES-1244,HM3_FineTuned,562.9,40.6,9,101.2,37.5
SES-1245,Base_Model,134.6,51.0,1,22.27,21.71
SES-1246,HM3_FineTuned,256.9,49.3,1,42.44,13.21
SES-1247,Base_Model,327.9,47.2,1,50.2,26.62
SES-1248,Base_Model,267.3,76.2,3,44.45,50.79
SES-1249,HM3_FineTuned,291.0,59.9,6,56.24,32.25
SES-1250,Base_Model,369.2,39.9,10,66.36,54.95
SES-1251,Base_Model,60.0,66.0,3,13.48,45.71
SES-1252,HM3_FineTuned,148.0,80.5,8,36.77,51.37
SES-1253,HM3_FineTuned,305.3,67.4,10,64.36,51.44
SES-1254,HM3_FineTuned,251.5,36.8,2,40.7,9.44
SES-1255,Base_Model,315.5,49.2,9,58.7,57.23
SES-1256,Base_Model,327.3,70.2,3,54.77,43.49
SES-1257,Base_Model,60.0,46.5,5,12.69,38.8
SES-1258,HM3_FineTuned,452.8,60.3,10,87.59,46.98
SES-1259,Base_Model,240.2,64.3,8,48.48,56.27
SES-1260,Base_Model,196.1,43.9,2,35.54,26.57
SES-1261,Base_Model,325.0,54.3,6,55.58,50.52
SES-1262,Base_Model,312.9,35.0,5,53.56,38.9
SES-1263,Base_Model,443.6,42.7,10,76.72,59.89
SES-1264,Base_Model,332.6,52.0,9,61.8,57.3
SES-1265,Base_Model,439.0,40.0,5,72.98,37.78
SES-1266,HM3_FineTuned,187.4,74.6,2,29.19,26.16
SES-1267,HM3_FineTuned,317.0,37.8,5,56.26,25.7
SES-1268,HM3_FineTuned,166.2,49.7,4,28.96,18.43
SES-1269,Base_Model,311.7,56.6,7,56.74,50.58
SES-1270,Base_Model,286.3,72.3,6,54.24,52.26
SES-1271,HM3_FineTuned,281.1,37.8,2,47.1,16.19
SES-1272,Base_Model,282.2,69.0,5,53.14,48.65
SES-1273,HM3_FineTuned,388.4,55.1,7,72.33,31.64
SES-1274,Base_Model,107.1,43.2,7,29.26,47.46
SES-1275,Base_Model,192.0,60.5,5,34.77,45.61
SES-1276,HM3_FineTuned,295.1,57.4,9,58.19,42.78
SES-1277,HM3_FineTuned,158.6,47.8,4,32.48,21.14
SES-1278,HM3_FineTuned,305.5,55.8,3,49.17,20.74
SES-1279,HM3_FineTuned,293.9,50.4,4,53.03,26.28
SES-1280,HM3_FineTuned,131.5,56.4,5,28.58,30.72
SES-1281,Base_Model,125.6,62.9,6,30.5,50.58
SES-1282,Base_Model,60.0,74.0,3,14.86,41.82
SES-1283,Base_Model,153.5,40.1,2,28.22,27.55
SES-1284,HM3_FineTuned,301.7,80.6,4,51.75,37.02
SES-1285,HM3_FineTuned,318.7,35.0,5,59.41,22.4
SES-1286,HM3_FineTuned,324.2,53.2,4,59.52,25.75
SES-1287,HM3_FineTuned,206.6,62.1,3,37.42,22.56
SES-1288,HM3_FineTuned,297.8,58.4,8,57.19,34.14
SES-1289,HM3_FineTuned,347.7,47.5,10,67.71,49.41
SES-1290,Base_Model,147.8,52.5,4,30.65,36.07
SES-1291,Base_Model,314.8,49.1,2,55.59,25.74
SES-1292,Base_Model,378.8,47.9,2,57.85,31.56
SES-1293,Base_Model,241.1,65.2,1,35.55,29.45
SES-1294,Base_Model,427.5,59.3,4,71.96,40.3
SES-1295,HM3_FineTuned,243.9,46.7,10,52.08,45.32
SES-1296,HM3_FineTuned,196.8,65.8,9,47.06,53.14
SES-1297,HM3_FineTuned,366.8,58.7,7,68.45,39.14
SES-1298,HM3_FineTuned,544.0,64.8,10,98.55,49.58
SES-1299,HM3_FineTuned,310.2,62.6,7,59.92,39.37
SES-1300,HM3_FineTuned,376.2,45.1,7,69.69,27.1
SES-1301,Base_Model,239.0,48.3,8,47.48,50.96
SES-1302,HM3_FineTuned,151.0,64.0,1,22.64,17.74
SES-1303,HM3_FineTuned,320.0,62.3,10,65.35,50.39
SES-1304,HM3_FineTuned,338.9,54.7,10,70.99,52.73
SES-1305,HM3_FineTuned,257.1,56.4,8,49.34,34.75
SES-1306,Base_Model,375.7,70.3,4,60.43,45.91
SES-1307,Base_Model,221.5,47.9,4,40.08,32.66
SES-1308,HM3_FineTuned,191.7,61.6,4,36.84,27.12
SES-1309,Base_Model,427.3,52.6,6,73.91,44.44
SES-1310,Base_Model,427.8,52.4,7,73.28,45.97
SES-1311,HM3_FineTuned,223.9,68.2,6,46.91,41.01
SES-1312,HM3_FineTuned,506.3,64.9,1,79.53,20.23
SES-1313,HM3_FineTuned,265.5,64.8,8,55.23,46.29
SES-1314,HM3_FineTuned,310.2,70.7,10,64.17,51.67
SES-1315,HM3_FineTuned,289.8,55.3,7,56.33,36.39
SES-1316,Base_Model,362.9,63.2,6,64.68,56.06
SES-1317,HM3_FineTuned,332.6,51.3,6,61.26,31.5
SES-1318,HM3_FineTuned,331.0,58.9,5,56.76,33.48
SES-1319,HM3_FineTuned,177.7,53.4,6,39.82,30.52
SES-1320,Base_Model,97.4,56.2,9,29.74,61.11
SES-1321,HM3_FineTuned,437.1,62.1,10,78.35,48.21
SES-1322,HM3_FineTuned,234.5,45.2,9,49.37,33.88
SES-1323,HM3_FineTuned,294.1,80.1,10,63.2,57.02
SES-1324,Base_Model,339.2,42.9,8,59.23,48.76
SES-1325,HM3_FineTuned,495.5,40.4,10,93.21,36.3
SES-1326,HM3_FineTuned,319.4,68.9,9,63.12,49.63
SES-1327,HM3_FineTuned,252.6,64.5,10,57.57,48.12
SES-1328,Base_Model,237.2,62.5,8,47.57,67.27
SES-1329,HM3_FineTuned,295.5,62.5,8,56.88,38.62
SES-1330,HM3_FineTuned,190.9,54.9,1,32.75,11.8
SES-1331,HM3_FineTuned,303.5,44.2,10,62.46,45.3
SES-1332,Base_Model,293.8,55.9,5,49.94,44.46
SES-1333,HM3_FineTuned,497.0,46.9,4,86.98,25.3
SES-1334,HM3_FineTuned,290.0,66.7,2,46.55,24.82
SES-1335,HM3_FineTuned,69.1,53.2,8,19.87,37.55
SES-1336,Base_Model,620.8,45.1,3,100.79,29.4
SES-1337,Base_Model,414.8,51.1,4,67.06,42.67
SES-1338,HM3_FineTuned,549.9,60.0,7,94.39,34.62
SES-1339,Base_Model,161.1,48.2,10,38.45,60.97
SES-1340,Base_Model,273.4,45.1,9,53.37,57.31
SES-1341,Base_Model,380.9,57.9,2,58.61,34.79
SES-1342,HM3_FineTuned,364.4,57.9,3,59.16,22.76
SES-1343,HM3_FineTuned,336.8,48.9,4,58.65,20.62
SES-1344,Base_Model,60.0,49.3,10,23.2,61.13
SES-1345,Base_Model,94.5,57.8,1,17.14,22.48
SES-1346,Base_Model,482.1,37.6,7,83.78,46.7
SES-1347,HM3_FineTuned,503.4,38.1,2,78.66,12.6
SES-1348,HM3_FineTuned,287.2,46.4,5,52.8,25.38
SES-1349,Base_Model,466.9,52.4,1,70.69,30.2
SES-1350,Base_Model,177.2,58.7,3,29.1,34.87
SES-1351,Base_Model,204.7,72.7,2,35.08,33.84
SES-1352,Base_Model,167.7,65.3,1,26.42,36.02
SES-1353,HM3_FineTuned,198.0,53.1,7,41.39,39.68
SES-1354,Base_Model,386.7,54.8,5,63.8,39.19
SES-1355,HM3_FineTuned,196.5,43.0,1,30.92,7.53
SES-1356,Base_Model,568.8,54.8,6,98.29,50.17
SES-1357,Base_Model,355.2,51.5,5,61.45,44.19
SES-1358,Base_Model,430.1,58.9,3,66.84,47.94
SES-1359,Base_Model,358.8,45.1,7,64.89,50.76
SES-1360,Base_Model,445.7,61.2,10,83.98,67.0
SES-1361,HM3_FineTuned,195.8,73.4,9,45.21,48.57
SES-1362,Base_Model,473.6,53.7,9,87.29,59.55
SES-1363,Base_Model,316.9,59.8,9,57.95,64.91
SES-1364,Base_Model,445.1,63.3,2,65.78,36.82
SES-1365,HM3_FineTuned,127.3,50.2,3,26.11,20.22
SES-1366,HM3_FineTuned,321.7,57.7,7,61.3,38.0
SES-1367,HM3_FineTuned,317.4,55.2,5,50.44,27.57
SES-1368,HM3_FineTuned,225.7,56.2,2,37.61,20.28
SES-1369,Base_Model,337.6,45.7,3,53.12,34.52
SES-1370,Base_Model,484.8,55.3,10,84.93,66.56
SES-1371,Base_Model,216.5,61.0,6,39.45,49.82
SES-1372,HM3_FineTuned,415.4,72.4,7,76.0,45.49
SES-1373,Base_Model,164.7,66.5,9,36.17,62.63
SES-1374,Base_Model,553.1,80.8,1,82.5,42.75
SES-1375,HM3_FineTuned,394.2,45.8,7,68.39,32.07
SES-1376,HM3_FineTuned,507.0,65.5,8,92.59,45.91
SES-1377,HM3_FineTuned,380.6,57.2,3,64.47,25.56
SES-1378,Base_Model,346.9,81.3,4,53.05,48.31
SES-1379,Base_Model,395.2,45.3,10,72.31,61.43
SES-1380,HM3_FineTuned,283.6,44.9,6,54.6,28.47
SES-1381,Base_Model,105.9,47.8,10,33.44,57.71
SES-1382,HM3_FineTuned,353.7,35.0,7,67.23,26.37
SES-1383,HM3_FineTuned,209.3,48.7,4,38.69,24.37
SES-1384,Base_Model,167.8,45.9,8,33.31,51.34
SES-1385,HM3_FineTuned,376.4,56.8,5,67.69,31.33
SES-1386,HM3_FineTuned,266.5,59.1,1,42.88,18.31
SES-1387,HM3_FineTuned,423.3,77.5,4,71.64,36.83
SES-1388,Base_Model,205.3,66.4,3,34.94,50.39
SES-1389,HM3_FineTuned,243.5,48.1,9,49.31,40.85
SES-1390,HM3_FineTuned,438.0,44.2,8,80.43,33.48
SES-1391,HM3_FineTuned,333.6,60.9,1,53.99,11.8
SES-1392,HM3_FineTuned,122.7,39.2,6,28.56,23.08
SES-1393,HM3_FineTuned,330.9,77.0,9,66.08,56.0
SES-1394,HM3_FineTuned,477.7,69.2,7,81.41,44.32
SES-1395,HM3_FineTuned,242.6,49.4,4,43.85,19.7
SES-1396,Base_Model,371.8,35.0,1,57.32,29.89
SES-1397,Base_Model,198.1,71.2,2,29.24,41.48
SES-1398,HM3_FineTuned,283.6,53.6,5,51.92,30.33
SES-1399,Base_Model,430.8,69.9,5,73.58,57.17
SES-1400,Base_Model,326.3,35.9,8,60.34,52.57
SES-1401,HM3_FineTuned,454.7,47.8,6,79.14,32.47
SES-1402,Base_Model,351.0,55.1,8,65.78,57.51
SES-1403,HM3_FineTuned,566.2,55.6,2,89.16,21.99
SES-1404,HM3_FineTuned,112.2,49.6,3,22.74,19.62
SES-1405,HM3_FineTuned,273.9,62.5,6,49.74,36.85
SES-1406,HM3_FineTuned,169.9,42.2,10,42.45,43.6
SES-1407,HM3_FineTuned,178.1,53.3,3,32.54,21.44
SES-1408,Base_Model,179.1,56.4,6,36.87,45.68
SES-1409,HM3_FineTuned,320.1,61.2,6,60.15,34.67
SES-1410,Base_Model,327.2,63.5,2,53.66,34.45
SES-1411,HM3_FineTuned,351.3,41.5,7,64.18,31.29
SES-1412,HM3_FineTuned,165.2,36.6,2,25.43,6.29
SES-1413,HM3_FineTuned,261.1,70.3,6,51.65,40.16
SES-1414,Base_Model,184.3,59.0,1,30.0,27.2
SES-1415,HM3_FineTuned,412.3,46.0,3,67.08,17.7
SES-1416,HM3_FineTuned,195.6,73.6,2,35.45,27.96
SES-1417,HM3_FineTuned,274.4,56.4,7,50.76,39.43
SES-1418,HM3_FineTuned,367.2,69.2,4,65.15,33.68
SES-1419,Base_Model,226.1,55.8,8,45.25,56.28
SES-1420,HM3_FineTuned,383.3,79.7,6,66.83,39.53
SES-1421,Base_Model,491.5,76.1,10,87.49,73.37
SES-1422,HM3_FineTuned,322.8,52.0,4,55.95,21.52
SES-1423,Base_Model,408.2,66.7,5,68.7,52.45
SES-1424,Base_Model,60.0,62.7,9,22.6,63.48
SES-1425,HM3_FineTuned,248.5,71.4,7,48.92,47.15
SES-1426,HM3_FineTuned,322.2,43.4,10,65.73,42.44
SES-1427,Base_Model,173.6,63.2,9,39.56,59.34
SES-1428,HM3_FineTuned,324.9,67.7,7,59.94,37.7
SES-1429,HM3_FineTuned,427.2,35.0,1,65.98,3.96
SES-1430,HM3_FineTuned,74.5,40.8,8,26.38,29.41
SES-1431,Base_Model,157.3,35.0,4,30.65,35.83
SES-1432,HM3_FineTuned,322.2,51.8,3,54.94,24.41
SES-1433,HM3_FineTuned,355.3,63.6,7,67.64,41.61
SES-1434,HM3_FineTuned,388.6,73.0,3,60.86,29.61
SES-1435,Base_Model,313.3,55.9,8,57.87,61.54
SES-1436,HM3_FineTuned,355.4,74.5,6,61.99,40.52
SES-1437,Base_Model,408.4,38.4,5,73.28,38.54
SES-1438,HM3_FineTuned,250.3,35.0,4,46.97,17.86
SES-1439,Base_Model,227.0,54.3,8,45.89,53.72
SES-1440,HM3_FineTuned,279.8,59.6,8,57.54,43.74
SES-1441,HM3_FineTuned,323.9,54.6,1,54.32,13.44
SES-1442,Base_Model,221.0,35.0,9,48.86,48.4
SES-1443,Base_Model,252.7,53.9,5,47.26,46.12
SES-1444,Base_Model,347.7,39.3,4,57.63,33.25
SES-1445,HM3_FineTuned,318.9,63.0,6,57.84,36.61
SES-1446,HM3_FineTuned,277.8,59.4,6,50.74,33.74
SES-1447,HM3_FineTuned,91.1,43.7,2,19.67,14.45
SES-1448,HM3_FineTuned,299.6,48.8,8,58.62,35.51
SES-1449,Base_Model,183.6,42.3,7,37.2,44.49
SES-1450,HM3_FineTuned,418.0,54.2,1,65.25,12.74
SES-1451,HM3_FineTuned,263.0,66.5,5,51.84,36.61
SES-1452,HM3_FineTuned,180.5,43.2,6,39.97,28.78
SES-1453,HM3_FineTuned,292.6,61.0,4,55.55,31.18
SES-1454,HM3_FineTuned,452.5,48.6,2,73.93,19.53
SES-1455,HM3_FineTuned,375.7,45.5,4,64.47,20.81
SES-1456,HM3_FineTuned,326.4,53.7,1,52.41,17.63
SES-1457,Base_Model,140.9,42.6,7,29.59,46.49
SES-1458,HM3_FineTuned,494.6,48.4,2,76.67,15.87
SES-1459,HM3_FineTuned,225.4,40.6,2,39.83,17.01
SES-1460,HM3_FineTuned,412.1,78.6,9,75.44,54.59
SES-1461,HM3_FineTuned,261.0,55.4,5,49.07,28.61
SES-1462,Base_Model,400.5,46.6,2,65.31,32.11
SES-1463,Base_Model,456.8,57.6,9,80.69,55.73
SES-1464,Base_Model,377.8,53.7,9,74.19,58.7
SES-1465,Base_Model,390.7,52.3,1,58.12,24.94
SES-1466,Base_Model,288.2,62.4,3,49.71,37.49
SES-1467,Base_Model,247.9,64.1,4,44.04,46.39
SES-1468,HM3_FineTuned,316.6,48.6,7,62.38,25.94
SES-1469,Base_Model,259.2,48.1,10,51.65,64.64
SES-1470,Base_Model,596.1,51.7,4,100.02,42.18
SES-1471,HM3_FineTuned,180.9,35.0,2,31.78,5.48
SES-1472,Base_Model,420.3,36.8,7,74.89,51.42
SES-1473,HM3_FineTuned,362.1,71.4,6,68.2,47.58
SES-1474,HM3_FineTuned,327.6,74.7,3,54.43,29.85
SES-1475,Base_Model,477.6,52.0,6,82.29,44.03
SES-1476,HM3_FineTuned,335.8,61.9,6,59.83,40.83
SES-1477,Base_Model,223.8,58.7,5,43.87,44.96
SES-1478,Base_Model,335.0,85.0,4,54.73,53.48
SES-1479,HM3_FineTuned,278.0,68.4,10,58.78,56.03
SES-1480,HM3_FineTuned,360.4,53.5,1,58.17,14.43
SES-1481,Base_Model,397.6,43.5,10,76.2,56.69
SES-1482,HM3_FineTuned,196.9,35.7,6,44.47,21.47
SES-1483,HM3_FineTuned,443.4,57.4,2,70.61,18.08
SES-1484,Base_Model,269.4,45.9,3,47.19,33.09
SES-1485,Base_Model,353.2,37.9,8,68.93,44.46
SES-1486,HM3_FineTuned,374.0,47.2,10,73.44,40.45
SES-1487,Base_Model,344.1,42.0,6,59.51,42.91
SES-1488,Base_Model,286.9,75.2,3,44.08,40.05
SES-1489,Base_Model,241.4,65.6,7,50.47,53.09
SES-1490,Base_Model,267.7,54.9,4,45.67,46.8
SES-1491,Base_Model,487.8,72.8,9,84.67,64.57
SES-1492,Base_Model,196.1,55.9,5,34.2,43.46
SES-1493,Base_Model,213.7,44.7,3,34.55,32.32
SES-1494,HM3_FineTuned,208.4,73.3,2,38.1,25.31
SES-1495,Base_Model,316.3,61.5,2,52.56,38.31
SES-1496,HM3_FineTuned,117.0,42.6,3,25.36,19.04
SES-1497,HM3_FineTuned,137.6,52.7,2,25.9,16.91
SES-1498,HM3_FineTuned,268.7,44.5,4,45.81,21.16
SES-1499,Base_Model,145.5,38.4,2,23.36,31.3
SES-1500,Base_Model,155.2,66.1,10,36.07,61.91
SES-1501,HM3_FineTuned,146.4,77.9,9,38.6,52.49
SES-1502,Base_Model,198.4,38.2,2,30.63,27.69
SES-1503,HM3_FineTuned,387.7,61.8,9,72.23,43.87
SES-1504,Base_Model,414.7,47.2,6,70.84,44.53
SES-1505,Base_Model,530.3,49.2,1,77.7,25.43
SES-1506,HM3_FineTuned,525.9,47.9,4,86.98,25.07
SES-1507,HM3_FineTuned,394.4,44.6,1,62.44,7.34
SES-1508,HM3_FineTuned,423.3,55.6,6,76.87,36.42
SES-1509,Base_Model,315.7,45.0,4,51.72,36.79
SES-1510,HM3_FineTuned,362.4,58.2,3,58.26,22.45
SES-1511,Base_Model,533.2,54.4,3,83.74,34.24
SES-1512,Base_Model,344.5,52.1,9,62.99,60.45
SES-1513,Base_Model,438.4,44.1,6,74.84,41.69
SES-1514,HM3_FineTuned,187.9,48.1,9,39.96,37.23
SES-1515,HM3_FineTuned,220.1,64.1,5,41.3,36.28
SES-1516,HM3_FineTuned,337.4,61.0,2,53.76,18.69
SES-1517,Base_Model,318.0,43.3,8,60.83,50.02
SES-1518,Base_Model,225.6,56.2,5,39.72,47.43
SES-1519,HM3_FineTuned,588.9,64.0,2,89.86,23.08
SES-1520,Base_Model,320.7,35.0,4,53.7,38.19
SES-1521,Base_Model,246.9,61.5,9,51.17,58.6
SES-1522,HM3_FineTuned,318.2,47.0,4,55.19,22.19
SES-1523,HM3_FineTuned,303.1,61.8,4,52.24,28.34
SES-1524,HM3_FineTuned,322.5,45.8,2,52.04,17.2
SES-1525,Base_Model,108.8,35.0,6,25.54,43.87
SES-1526,Base_Model,455.0,35.5,2,69.48,26.41
SES-1527,Base_Model,461.9,55.6,7,79.12,51.32
SES-1528,Base_Model,476.4,58.1,3,77.47,34.3
SES-1529,Base_Model,339.1,44.1,3,52.76,33.5
SES-1530,HM3_FineTuned,379.5,62.7,5,66.34,30.61
SES-1531,Base_Model,196.1,35.1,3,30.33,31.38
SES-1532,Base_Model,399.9,54.2,2,63.45,32.45
SES-1533,Base_Model,330.2,40.5,10,62.57,55.47
SES-1534,HM3_FineTuned,244.8,47.2,9,54.25,35.99
SES-1535,HM3_FineTuned,403.8,55.6,2,62.61,13.79
SES-1536,HM3_FineTuned,408.4,44.7,2,67.15,20.45
SES-1537,Base_Model,307.3,50.4,8,60.53,53.54
SES-1538,HM3_FineTuned,352.6,67.1,9,66.33,49.54
SES-1539,HM3_FineTuned,176.2,48.1,7,37.21,30.99
SES-1540,HM3_FineTuned,449.2,65.0,3,71.99,29.14
SES-1541,Base_Model,192.1,41.4,9,41.35,55.16
SES-1542,HM3_FineTuned,215.3,61.4,3,39.84,22.64
SES-1543,Base_Model,307.5,72.3,5,52.49,48.24
SES-1544,Base_Model,433.7,35.0,9,76.32,48.3
SES-1545,HM3_FineTuned,433.7,45.4,3,67.51,18.59
SES-1546,Base_Model,299.4,61.9,7,58.62,54.77
SES-1547,HM3_FineTuned,392.8,52.6,1,65.78,14.64
SES-1548,Base_Model,97.3,59.5,4,21.72,46.68
SES-1549,HM3_FineTuned,213.7,47.8,4,38.43,20.96
SES-1550,HM3_FineTuned,216.1,56.0,7,46.41,33.66
SES-1551,HM3_FineTuned,450.3,53.1,8,83.44,39.25
SES-1552,Base_Model,378.6,69.0,1,57.78,31.03
SES-1553,HM3_FineTuned,322.2,58.1,5,57.91,32.81
SES-1554,Base_Model,333.8,59.1,7,63.03,53.41
SES-1555,HM3_FineTuned,488.2,50.1,4,77.95,23.01
SES-1556,Base_Model,279.6,49.1,4,49.93,37.48
SES-1557,Base_Model,142.3,49.8,4,26.73,41.65
SES-1558,HM3_FineTuned,430.5,59.7,6,73.34,37.53
SES-1559,HM3_FineTuned,321.8,49.9,7,58.71,33.74
SES-1560,HM3_FineTuned,414.4,58.5,2,65.44,22.17
SES-1561,HM3_FineTuned,294.6,79.9,5,51.27,42.05
SES-1562,HM3_FineTuned,199.4,65.5,4,41.45,31.19
SES-1563,Base_Model,348.3,51.1,3,57.73,35.32
SES-1564,HM3_FineTuned,301.2,69.4,7,59.81,43.41
SES-1565,HM3_FineTuned,322.2,50.1,6,60.45,27.92
SES-1566,Base_Model,494.0,35.0,7,84.72,43.71
SES-1567,HM3_FineTuned,168.2,42.9,5,34.87,23.96
SES-1568,HM3_FineTuned,334.3,35.0,6,60.35,23.83
SES-1569,Base_Model,201.7,50.8,5,37.13,37.63
SES-1570,HM3_FineTuned,60.0,55.2,7,18.68,33.51
SES-1571,HM3_FineTuned,294.1,75.1,2,51.28,25.59
SES-1572,HM3_FineTuned,303.7,58.9,5,51.43,33.75
SES-1573,Base_Model,374.8,52.4,6,63.11,47.81
SES-1574,HM3_FineTuned,273.9,65.0,6,56.11,39.8
SES-1575,Base_Model,121.3,35.0,5,25.97,40.23
SES-1576,HM3_FineTuned,201.3,57.8,10,47.55,49.12
SES-1577,Base_Model,458.0,64.3,7,80.48,55.62
SES-1578,HM3_FineTuned,199.6,37.3,10,43.86,36.98
SES-1579,Base_Model,490.0,68.7,8,82.71,66.45
SES-1580,Base_Model,426.0,59.1,7,73.51,48.87
SES-1581,Base_Model,261.9,50.0,5,44.97,42.86
SES-1582,Base_Model,212.5,62.6,1,33.23,36.04
SES-1583,Base_Model,425.7,82.2,5,72.33,57.94
SES-1584,Base_Model,271.1,57.2,10,58.44,59.41
SES-1585,HM3_FineTuned,114.5,58.0,2,23.8,18.93
SES-1586,HM3_FineTuned,367.5,49.5,5,62.63,24.9
SES-1587,Base_Model,350.1,44.8,5,59.26,34.48
SES-1588,Base_Model,436.5,65.0,2,67.18,38.38
SES-1589,Base_Model,342.0,44.7,5,56.76,38.24
SES-1590,Base_Model,234.1,55.9,4,38.63,45.86
SES-1591,HM3_FineTuned,452.4,49.3,1,74.68,15.05
SES-1592,Base_Model,464.0,60.7,3,74.13,39.92
SES-1593,HM3_FineTuned,328.0,59.0,1,52.25,15.68
SES-1594,HM3_FineTuned,307.2,67.5,5,56.55,34.83
SES-1595,Base_Model,141.2,48.9,4,28.25,37.78
SES-1596,Base_Model,227.1,51.8,7,46.8,50.41
SES-1597,HM3_FineTuned,391.3,43.3,5,66.71,30.51
SES-1598,HM3_FineTuned,233.1,49.7,10,52.77,41.67
SES-1599,Base_Model,125.2,59.5,4,22.95,42.31
SES-1600,Base_Model,719.5,64.1,2,110.55,39.75
SES-1601,Base_Model,124.4,43.9,4,24.77,35.37
SES-1602,HM3_FineTuned,570.8,65.4,2,90.93,27.92
SES-1603,HM3_FineTuned,263.1,71.3,8,53.69,48.54
SES-1604,Base_Model,289.9,60.0,3,49.58,37.33
SES-1605,HM3_FineTuned,219.3,77.5,9,47.21,53.12
SES-1606,HM3_FineTuned,393.9,45.7,4,67.45,20.17
SES-1607,Base_Model,127.2,40.1,6,26.57,39.64
SES-1608,Base_Model,79.2,35.0,10,32.72,53.58
SES-1609,HM3_FineTuned,493.2,73.0,5,81.66,40.47
SES-1610,HM3_FineTuned,203.5,62.9,10,46.13,52.38
SES-1611,Base_Model,389.5,54.3,1,61.69,30.17
SES-1612,Base_Model,169.7,58.4,9,38.1,62.19
SES-1613,Base_Model,385.0,41.5,1,61.02,25.9
SES-1614,Base_Model,502.0,84.3,8,87.61,63.23
SES-1615,Base_Model,236.7,56.6,9,48.21,58.68
SES-1616,HM3_FineTuned,68.0,56.3,9,24.19,43.81
SES-1617,HM3_FineTuned,502.7,63.7,1,77.32,21.27
SES-1618,HM3_FineTuned,411.1,60.8,2,65.89,19.61
SES-1619,HM3_FineTuned,243.2,57.7,1,39.63,13.84
SES-1620,Base_Model,273.8,45.5,10,54.41,58.07
SES-1621,Base_Model,166.7,60.7,2,27.79,34.33
SES-1622,Base_Model,470.4,77.6,10,83.38,70.06
SES-1623,HM3_FineTuned,235.8,71.1,8,50.89,46.22
SES-1624,HM3_FineTuned,129.8,74.1,5,30.86,36.0
SES-1625,HM3_FineTuned,325.6,48.9,7,59.94,36.94
SES-1626,Base_Model,196.8,43.1,2,31.0,33.49
SES-1627,HM3_FineTuned,176.4,53.5,8,40.82,41.98
SES-1628,Base_Model,248.4,55.7,6,48.79,42.95
SES-1629,Base_Model,310.4,68.1,8,61.53,58.33
SES-1630,Base_Model,134.3,35.0,1,18.83,21.96
SES-1631,Base_Model,466.2,73.4,1,73.45,32.3
SES-1632,Base_Model,381.3,53.1,7,67.57,48.11
SES-1633,Base_Model,256.2,49.9,8,50.34,52.38
SES-1634,HM3_FineTuned,191.6,42.9,3,36.25,16.29
SES-1635,Base_Model,289.3,35.1,5,49.93,36.58
SES-1636,Base_Model,407.9,64.9,1,64.88,30.31
SES-1637,HM3_FineTuned,389.4,55.9,7,73.75,35.47
SES-1638,Base_Model,427.0,39.5,5,74.48,38.76
SES-1639,HM3_FineTuned,242.4,39.5,8,46.67,33.81
SES-1640,HM3_FineTuned,60.0,51.0,8,22.54,39.73
SES-1641,HM3_FineTuned,449.7,75.0,9,79.09,52.68
SES-1642,Base_Model,279.9,51.9,7,50.96,49.03
SES-1643,Base_Model,379.9,37.0,1,53.7,23.65
SES-1644,HM3_FineTuned,500.3,52.1,3,82.45,18.92
SES-1645,Base_Model,592.1,51.7,8,101.26,52.88
SES-1646,Base_Model,222.0,35.0,3,36.94,26.33
SES-1647,HM3_FineTuned,316.1,54.3,8,59.83,42.94
SES-1648,HM3_FineTuned,464.0,52.2,1,73.73,13.57
SES-1649,Base_Model,198.7,63.4,5,35.28,51.03
SES-1650,HM3_FineTuned,230.1,77.2,4,40.36,35.81
SES-1651,HM3_FineTuned,229.4,68.5,5,41.51,32.25
SES-1652,HM3_FineTuned,296.6,51.8,8,58.09,39.46
SES-1653,Base_Model,273.6,41.7,10,54.87,59.12
SES-1654,Base_Model,228.7,85.0,4,39.54,52.77
SES-1655,Base_Model,184.1,55.7,4,34.66,41.51
SES-1656,HM3_FineTuned,397.4,55.2,3,68.04,20.91
SES-1657,Base_Model,460.5,54.7,7,82.48,51.46
SES-1658,HM3_FineTuned,477.9,57.4,3,78.31,24.16
SES-1659,Base_Model,242.3,53.3,3,41.54,35.07
SES-1660,Base_Model,402.4,48.1,10,75.74,56.01
SES-1661,HM3_FineTuned,328.4,48.4,5,55.41,30.74
SES-1662,Base_Model,231.5,54.6,5,41.49,46.16
SES-1663,HM3_FineTuned,388.1,48.5,6,68.49,28.75
SES-1664,Base_Model,226.0,46.4,8,44.88,52.24
SES-1665,Base_Model,254.9,56.3,10,53.15,58.08
SES-1666,HM3_FineTuned,134.8,51.9,6,30.78,25.84
SES-1667,HM3_FineTuned,244.3,73.0,1,38.17,25.97
SES-1668,HM3_FineTuned,330.5,35.0,8,63.27,32.69
SES-1669,Base_Model,488.3,68.1,8,83.96,60.1
SES-1670,Base_Model,257.6,70.0,9,46.9,65.18
SES-1671,Base_Model,175.4,35.0,9,37.02,60.18
SES-1672,HM3_FineTuned,479.7,50.9,2,77.13,19.96
SES-1673,HM3_FineTuned,239.5,50.5,2,43.1,14.08
SES-1674,HM3_FineTuned,90.2,38.1,3,15.17,10.7
SES-1675,Base_Model,316.0,45.7,1,47.15,29.93
SES-1676,Base_Model,261.0,41.7,4,46.02,38.24
SES-1677,HM3_FineTuned,576.0,76.0,4,96.16,36.14
SES-1678,Base_Model,357.0,66.2,9,66.22,60.55
SES-1679,HM3_FineTuned,282.4,70.3,9,56.5,50.69
SES-1680,Base_Model,189.1,63.7,9,44.3,59.79
SES-1681,Base_Model,339.6,41.5,10,67.54,58.57
SES-1682,HM3_FineTuned,474.8,48.7,7,85.44,36.93
SES-1683,Base_Model,337.4,60.9,2,52.68,34.72
SES-1684,Base_Model,198.3,40.3,10,46.97,59.53
SES-1685,HM3_FineTuned,364.7,63.6,5,60.31,33.27
SES-1686,HM3_FineTuned,294.2,52.1,4,54.39,26.32
SES-1687,Base_Model,353.8,50.5,8,64.94,49.27
SES-1688,HM3_FineTuned,257.4,63.5,2,43.87,23.11
SES-1689,Base_Model,254.6,60.3,6,45.3,48.11
SES-1690,HM3_FineTuned,249.9,50.7,5,43.35,29.19
SES-1691,Base_Model,413.1,68.9,2,65.18,43.97
SES-1692,Base_Model,255.8,42.0,10,54.47,57.68
SES-1693,HM3_FineTuned,244.8,62.4,1,41.63,15.75
SES-1694,Base_Model,187.0,62.1,8,41.23,59.73
SES-1695,Base_Model,354.5,51.3,2,56.91,33.72
SES-1696,HM3_FineTuned,337.4,58.9,7,61.26,44.24
SES-1697,HM3_FineTuned,246.1,40.0,9,53.96,38.26
SES-1698,Base_Model,214.9,66.1,9,43.66,61.18
SES-1699,HM3_FineTuned,525.1,52.8,8,94.99,41.42
SES-1700,HM3_FineTuned,74.3,48.7,10,27.98,44.11
SES-1701,Base_Model,359.2,67.6,9,67.28,63.78
SES-1702,Base_Model,455.0,46.5,2,72.98,27.83
SES-1703,HM3_FineTuned,60.0,38.1,6,22.0,25.87
SES-1704,HM3_FineTuned,395.3,36.3,4,68.84,18.62
SES-1705,HM3_FineTuned,273.6,62.3,4,47.39,28.52
SES-1706,Base_Model,330.7,39.6,5,58.63,36.58
SES-1707,Base_Model,261.2,76.1,3,42.05,46.79
SES-1708,Base_Model,429.0,35.0,1,67.43,19.73
SES-1709,Base_Model,343.6,75.4,8,60.69,59.67
SES-1710,Base_Model,315.8,57.5,5,54.68,47.64
SES-1711,Base_Model,192.1,53.8,3,31.68,38.89
SES-1712,Base_Model,525.9,48.5,10,95.62,55.46
SES-1713,HM3_FineTuned,301.2,59.8,7,59.91,32.93
SES-1714,HM3_FineTuned,574.8,54.5,7,99.11,33.29
SES-1715,Base_Model,531.3,68.2,1,81.53,35.41
SES-1716,Base_Model,86.6,56.4,9,27.9,62.51
SES-1717,Base_Model,221.4,56.8,2,38.45,34.26
SES-1718,HM3_FineTuned,175.6,50.6,5,35.91,25.45
SES-1719,Base_Model,294.2,54.3,5,50.63,44.67
SES-1720,HM3_FineTuned,322.5,58.7,8,63.66,41.14
SES-1721,HM3_FineTuned,327.6,35.0,8,59.42,27.86
SES-1722,HM3_FineTuned,426.5,38.8,7,78.29,25.9
SES-1723,HM3_FineTuned,479.2,63.9,7,82.96,36.02
SES-1724,HM3_FineTuned,416.1,57.1,6,72.93,41.26
SES-1725,Base_Model,232.7,52.8,6,45.74,49.7
SES-1726,Base_Model,206.2,55.2,9,43.59,56.81
SES-1727,HM3_FineTuned,300.3,59.2,6,57.34,37.99
SES-1728,Base_Model,351.1,48.5,2,57.95,29.7
SES-1729,HM3_FineTuned,278.0,45.7,2,46.92,18.49
SES-1730,HM3_FineTuned,138.5,57.4,5,30.9,30.68
SES-1731,Base_Model,381.8,43.3,4,63.04,34.33
SES-1732,Base_Model,252.9,59.9,2,41.17,38.0
SES-1733,Base_Model,249.3,35.0,3,39.66,29.91
SES-1734,Base_Model,293.4,67.3,7,53.93,57.63
SES-1735,Base_Model,271.2,60.7,8,50.11,57.91
SES-1736,HM3_FineTuned,256.0,58.1,6,47.61,34.84
SES-1737,Base_Model,146.4,66.8,5,25.45,51.62
SES-1738,Base_Model,286.5,75.0,1,45.01,46.25
SES-1739,Base_Model,384.4,67.2,8,73.04,63.62
SES-1740,HM3_FineTuned,331.8,35.0,3,55.35,15.16
SES-1741,Base_Model,413.8,39.6,6,73.0,40.93
SES-1742,HM3_FineTuned,212.6,47.5,3,40.64,18.9
SES-1743,Base_Model,146.6,55.3,7,30.1,47.86
SES-1744,Base_Model,270.5,61.2,7,49.11,55.98
SES-1745,HM3_FineTuned,226.3,46.3,9,51.43,36.97
SES-1746,Base_Model,238.8,57.2,5,43.13,44.28
SES-1747,Base_Model,325.4,45.9,8,58.23,53.39
SES-1748,HM3_FineTuned,239.6,47.7,10,51.67,43.35
SES-1749,Base_Model,150.0,38.1,10,38.34,53.77
SES-1750,HM3_FineTuned,232.9,43.9,8,47.35,31.98
SES-1751,HM3_FineTuned,340.8,38.8,1,49.07,12.63
SES-1752,HM3_FineTuned,380.6,43.3,5,65.94,22.32
SES-1753,HM3_FineTuned,379.4,67.6,3,62.92,25.8
SES-1754,HM3_FineTuned,350.9,43.6,1,56.16,5.57
SES-1755,Base_Model,279.8,85.0,4,50.49,52.94
SES-1756,Base_Model,348.6,60.9,8,64.4,56.37
SES-1757,Base_Model,294.9,57.2,3,49.22,38.93
SES-1758,HM3_FineTuned,313.6,44.7,10,66.15,39.36
SES-1759,HM3_FineTuned,187.3,63.4,2,33.11,24.56
SES-1760,HM3_FineTuned,305.3,48.1,9,65.56,35.22
SES-1761,HM3_FineTuned,345.4,56.5,10,66.29,47.31
SES-1762,Base_Model,340.9,85.0,5,56.77,56.85
SES-1763,Base_Model,145.5,53.8,7,33.55,51.21
SES-1764,HM3_FineTuned,311.6,68.8,2,54.24,24.99
SES-1765,HM3_FineTuned,126.7,46.6,9,34.11,42.49
SES-1766,Base_Model,320.8,54.6,9,59.6,62.31
SES-1767,HM3_FineTuned,215.8,76.2,4,43.9,34.03
SES-1768,HM3_FineTuned,504.7,47.5,4,82.12,20.09
SES-1769,HM3_FineTuned,314.3,76.7,6,58.82,43.38
SES-1770,Base_Model,396.1,63.5,10,77.05,64.56
SES-1771,Base_Model,553.3,48.3,10,97.11,63.09
SES-1772,HM3_FineTuned,201.9,62.6,10,46.04,48.23
SES-1773,Base_Model,352.3,66.7,6,60.73,50.09
SES-1774,HM3_FineTuned,157.7,62.5,1,28.96,18.92
SES-1775,HM3_FineTuned,341.4,36.2,9,68.83,30.74
SES-1776,Base_Model,511.9,46.3,2,79.85,29.11
SES-1777,HM3_FineTuned,224.7,52.0,5,46.96,27.32
SES-1778,HM3_FineTuned,193.7,54.1,9,44.62,43.8
SES-1779,Base_Model,289.1,62.4,4,51.94,40.99
SES-1780,HM3_FineTuned,545.5,57.1,3,87.46,20.71
SES-1781,HM3_FineTuned,392.5,39.0,7,76.05,33.56
SES-1782,HM3_FineTuned,191.4,59.6,6,42.85,34.78
SES-1783,Base_Model,474.6,62.3,8,82.94,60.52
SES-1784,HM3_FineTuned,101.4,61.7,3,24.58,23.56
SES-1785,Base_Model,556.4,68.0,5,93.73,49.52
SES-1786,HM3_FineTuned,402.8,65.0,10,80.52,51.65
SES-1787,HM3_FineTuned,511.6,60.5,4,79.78,33.45
SES-1788,HM3_FineTuned,102.3,54.2,4,24.78,25.01
SES-1789,HM3_FineTuned,320.3,35.1,4,57.13,17.53
SES-1790,Base_Model,283.9,60.2,10,58.53,67.36
SES-1791,Base_Model,179.2,57.5,8,39.31,54.86
SES-1792,HM3_FineTuned,144.5,58.3,6,33.17,35.16
SES-1793,HM3_FineTuned,360.8,39.7,3,63.19,19.4
SES-1794,HM3_FineTuned,371.7,42.0,10,73.84,40.08
SES-1795,HM3_FineTuned,456.0,67.6,5,78.33,35.58
SES-1796,HM3_FineTuned,239.6,54.5,6,49.22,38.05
SES-1797,HM3_FineTuned,283.0,63.2,5,52.79,35.54
SES-1798,HM3_FineTuned,134.1,55.3,6,32.14,33.99
SES-1799,HM3_FineTuned,484.9,55.4,8,90.47,39.47
SES-1800,Base_Model,308.3,66.3,7,55.88,54.19
SES-1801,Base_Model,386.7,48.8,5,62.48,39.06
SES-1802,Base_Model,390.9,56.2,10,73.79,66.99
SES-1803,HM3_FineTuned,475.1,49.5,6,82.69,34.73
SES-1804,HM3_FineTuned,200.2,49.8,4,39.48,21.94
SES-1805,HM3_FineTuned,383.7,51.3,9,73.27,43.03
SES-1806,Base_Model,297.0,57.7,4,52.06,42.4
SES-1807,HM3_FineTuned,552.7,49.3,1,91.41,16.76
SES-1808,Base_Model,199.9,70.1,7,42.08,58.68
SES-1809,HM3_FineTuned,440.6,44.3,7,80.54,32.14
SES-1810,Base_Model,342.0,52.8,4,57.05,38.48
SES-1811,Base_Model,335.7,49.7,3,52.09,36.41
SES-1812,Base_Model,306.5,72.4,8,53.38,60.9
SES-1813,HM3_FineTuned,461.6,57.4,5,77.7,31.11
SES-1814,Base_Model,331.7,67.4,10,59.59,66.72
SES-1815,HM3_FineTuned,117.1,37.2,7,31.09,28.25
SES-1816,HM3_FineTuned,446.3,58.2,4,74.19,24.36
SES-1817,HM3_FineTuned,424.3,65.7,4,69.02,31.81
SES-1818,HM3_FineTuned,370.5,56.0,8,69.83,40.52
SES-1819,HM3_FineTuned,164.6,67.8,8,37.21,50.48
SES-1820,Base_Model,183.2,48.8,2,31.39,28.42
SES-1821,HM3_FineTuned,74.7,71.9,2,17.62,27.64
SES-1822,HM3_FineTuned,355.2,82.6,3,58.38,33.29
SES-1823,HM3_FineTuned,138.1,50.6,3,26.73,27.06
SES-1824,HM3_FineTuned,93.7,49.7,1,17.99,15.01
SES-1825,HM3_FineTuned,453.0,72.4,3,71.64,30.45
SES-1826,Base_Model,392.2,74.0,6,68.26,55.34
SES-1827,Base_Model,260.0,48.7,8,48.14,50.38
SES-1828,HM3_FineTuned,283.9,50.0,10,60.72,45.92
SES-1829,Base_Model,60.0,51.6,6,17.13,42.5
SES-1830,Base_Model,410.0,38.9,5,66.13,34.04
SES-1831,HM3_FineTuned,216.9,44.0,4,39.37,24.63
SES-1832,Base_Model,339.6,43.0,3,54.37,27.39
SES-1833,HM3_FineTuned,60.0,45.8,4,19.14,21.36
SES-1834,Base_Model,417.3,54.6,7,73.44,48.19
SES-1835,Base_Model,209.7,57.8,1,31.04,30.42
SES-1836,Base_Model,134.9,73.6,7,34.03,59.5
SES-1837,HM3_FineTuned,259.2,43.0,1,43.64,13.66
SES-1838,Base_Model,228.4,66.8,2,36.59,42.38
SES-1839,Base_Model,428.9,52.4,4,67.23,37.22
SES-1840,HM3_FineTuned,249.6,54.4,1,40.08,13.86
SES-1841,HM3_FineTuned,463.5,63.1,9,84.59,58.9
SES-1842,Base_Model,339.6,41.5,6,60.68,41.86
SES-1843,HM3_FineTuned,407.3,59.6,1,65.81,14.69
SES-1844,Base_Model,299.7,57.0,1,48.07,29.15
SES-1845,Base_Model,452.6,60.9,6,73.67,49.63
SES-1846,HM3_FineTuned,161.6,58.5,4,32.65,26.21
SES-1847,HM3_FineTuned,313.6,84.5,4,54.73,37.08
SES-1848,HM3_FineTuned,252.4,47.3,6,54.22,29.87
SES-1849,Base_Model,467.6,48.6,7,80.77,48.87
SES-1850,HM3_FineTuned,479.9,47.5,9,86.24,37.64
SES-1851,Base_Model,300.1,48.3,10,60.23,60.44
SES-1852,HM3_FineTuned,145.0,47.4,5,31.24,26.8
SES-1853,Base_Model,351.3,69.3,9,62.21,65.7
SES-1854,HM3_FineTuned,100.2,72.0,4,23.85,27.68
SES-1855,Base_Model,495.1,48.2,10,88.65,59.73
SES-1856,HM3_FineTuned,243.2,45.0,2,41.43,9.05
SES-1857,Base_Model,296.3,60.7,3,47.2,39.24
SES-1858,HM3_FineTuned,218.3,48.4,1,34.06,14.82
SES-1859,HM3_FineTuned,191.8,62.6,6,41.53,39.18
SES-1860,Base_Model,388.5,57.4,6,69.49,49.98
SES-1861,HM3_FineTuned,281.0,36.8,1,46.48,10.25
SES-1862,Base_Model,305.1,73.6,3,46.64,44.03
SES-1863,Base_Model,179.5,76.6,5,35.4,51.59
SES-1864,HM3_FineTuned,402.7,47.6,3,63.32,27.64
SES-1865,Base_Model,414.9,50.3,10,75.92,62.62
SES-1866,HM3_FineTuned,274.9,58.4,3,49.47,20.35
SES-1867,HM3_FineTuned,452.2,59.0,10,86.14,43.4
SES-1868,Base_Model,287.5,62.9,3,48.54,39.27
SES-1869,HM3_FineTuned,393.6,79.1,5,71.16,42.72
SES-1870,Base_Model,105.2,52.9,5,24.41,43.8
SES-1871,Base_Model,342.4,45.4,4,53.32,30.5
SES-1872,HM3_FineTuned,267.4,38.4,1,42.87,8.35
SES-1873,HM3_FineTuned,318.7,46.2,5,57.22,25.98
SES-1874,Base_Model,313.3,54.6,10,61.67,54.59
SES-1875,Base_Model,315.1,76.5,5,53.53,53.19
SES-1876,HM3_FineTuned,373.9,48.8,4,62.02,20.48
SES-1877,HM3_FineTuned,232.2,57.7,6,50.63,28.57
SES-1878,HM3_FineTuned,368.3,54.8,10,71.47,51.73
SES-1879,HM3_FineTuned,447.9,69.3,4,79.89,28.53
SES-1880,Base_Model,130.8,85.0,7,27.83,61.5
SES-1881,HM3_FineTuned,206.3,48.6,7,44.76,31.91
SES-1882,Base_Model,211.4,49.1,2,35.17,31.66
SES-1883,Base_Model,169.0,67.5,3,28.0,47.81
SES-1884,HM3_FineTuned,243.0,63.2,1,39.02,15.18
SES-1885,Base_Model,424.0,77.2,8,75.57,62.94
SES-1886,HM3_FineTuned,473.7,62.0,9,84.87,46.67
SES-1887,Base_Model,312.7,50.7,4,52.4,36.67
SES-1888,HM3_FineTuned,261.1,62.1,6,45.43,34.87
SES-1889,Base_Model,396.4,68.3,9,74.38,65.61
SES-1890,Base_Model,60.0,64.8,6,20.45,49.67
SES-1891,HM3_FineTuned,173.4,61.1,9,42.42,44.92
SES-1892,HM3_FineTuned,60.0,67.8,4,21.53,29.83
SES-1893,Base_Model,172.1,69.0,8,39.18,60.3
SES-1894,Base_Model,208.0,71.6,9,46.98,65.86
SES-1895,HM3_FineTuned,477.3,62.8,4,82.07,30.87
SES-1896,Base_Model,60.0,53.0,5,11.0,49.51
SES-1897,HM3_FineTuned,250.0,56.8,8,52.35,32.73
SES-1898,Base_Model,374.3,69.5,10,68.39,67.29
SES-1899,HM3_FineTuned,349.3,45.2,6,61.03,24.99
SES-1900,Base_Model,475.4,59.4,7,79.8,52.11
SES-1901,HM3_FineTuned,319.3,50.3,3,53.77,23.25
SES-1902,HM3_FineTuned,344.9,55.3,7,65.54,40.23
SES-1903,Base_Model,79.4,70.3,8,24.77,64.87
SES-1904,HM3_FineTuned,181.4,57.3,10,44.19,51.62
SES-1905,Base_Model,86.1,55.6,6,23.36,47.7
SES-1906,HM3_FineTuned,368.7,38.7,10,73.87,44.67
SES-1907,HM3_FineTuned,341.8,64.0,9,67.66,51.87
SES-1908,HM3_FineTuned,337.6,62.7,6,58.19,36.51
SES-1909,Base_Model,194.2,81.0,9,41.16,72.42
SES-1910,HM3_FineTuned,183.2,51.3,4,35.54,24.65
SES-1911,Base_Model,325.1,57.6,8,62.24,60.28
SES-1912,HM3_FineTuned,219.7,58.0,4,38.29,26.71
SES-1913,Base_Model,177.6,73.9,2,29.61,39.74
SES-1914,Base_Model,239.0,53.9,10,47.72,58.18
SES-1915,Base_Model,220.7,58.3,9,48.66,59.32
SES-1916,HM3_FineTuned,196.0,62.3,5,39.38,32.67
SES-1917,Base_Model,152.9,57.2,4,26.24,39.06
SES-1918,HM3_FineTuned,353.8,49.6,2,55.37,16.11
SES-1919,Base_Model,486.7,57.3,1,75.28,29.85
SES-1920,Base_Model,295.3,67.9,7,57.55,53.42
SES-1921,Base_Model,326.7,42.7,6,55.81,46.18
SES-1922,Base_Model,364.4,56.6,2,59.23,38.27
SES-1923,HM3_FineTuned,344.0,46.6,8,64.51,39.73
SES-1924,Base_Model,198.4,69.3,4,37.4,46.48
SES-1925,Base_Model,506.4,36.7,8,89.32,47.62
SES-1926,HM3_FineTuned,209.1,48.3,7,44.18,30.63
SES-1927,Base_Model,377.8,59.5,5,60.5,47.55
SES-1928,Base_Model,363.6,73.8,10,70.91,70.02
SES-1929,Base_Model,65.0,54.2,10,25.75,70.22
SES-1930,Base_Model,256.9,48.3,8,51.36,55.6
SES-1931,HM3_FineTuned,306.8,77.6,9,61.91,53.48
SES-1932,HM3_FineTuned,316.0,37.6,5,55.14,22.42
SES-1933,Base_Model,336.2,35.0,10,67.59,57.0
SES-1934,HM3_FineTuned,390.9,60.3,5,69.93,28.86
SES-1935,HM3_FineTuned,299.1,49.0,2,47.71,20.01
SES-1936,Base_Model,342.6,42.7,5,61.51,36.34
SES-1937,HM3_FineTuned,294.6,63.5,3,50.95,24.22
SES-1938,Base_Model,177.9,57.9,7,37.45,47.16
SES-1939,HM3_FineTuned,303.9,48.2,10,62.23,46.13
SES-1940,HM3_FineTuned,389.9,39.6,5,67.83,24.1
SES-1941,HM3_FineTuned,433.1,65.5,8,81.7,42.5
SES-1942,Base_Model,364.5,62.8,1,58.24,30.83
SES-1943,HM3_FineTuned,460.1,53.8,3,77.54,26.16
SES-1944,Base_Model,350.3,77.2,3,57.41,45.96
SES-1945,Base_Model,403.7,42.2,9,75.83,51.06
SES-1946,HM3_FineTuned,412.5,36.7,5,69.7,27.94
SES-1947,Base_Model,273.2,46.7,9,55.65,53.21
SES-1948,HM3_FineTuned,387.1,54.5,9,73.26,46.7
SES-1949,Base_Model,187.1,57.9,1,25.45,28.22
SES-1950,Base_Model,342.0,52.1,2,51.12,31.78
SES-1951,HM3_FineTuned,369.2,59.2,5,63.56,32.7
SES-1952,HM3_FineTuned,426.1,40.0,4,72.75,19.82
SES-1953,HM3_FineTuned,398.5,72.3,10,75.45,54.66
SES-1954,HM3_FineTuned,427.7,54.0,9,78.47,41.49
SES-1955,Base_Model,288.1,68.4,7,55.24,52.07
SES-1956,Base_Model,258.6,59.1,6,46.67,54.04
SES-1957,Base_Model,267.0,60.5,7,53.21,52.26
SES-1958,HM3_FineTuned,332.0,61.8,1,55.62,19.1
SES-1959,Base_Model,83.0,60.4,1,13.99,34.75
SES-1960,HM3_FineTuned,459.8,62.7,8,84.48,44.01
SES-1961,Base_Model,305.3,70.9,2,50.02,38.25
SES-1962,HM3_FineTuned,250.2,57.4,10,54.04,51.42
SES-1963,Base_Model,60.0,63.5,9,24.22,63.44
SES-1964,Base_Model,295.6,53.9,7,56.86,51.67
SES-1965,HM3_FineTuned,276.2,72.3,6,50.52,40.44
SES-1966,Base_Model,192.4,46.9,1,30.66,32.3
SES-1967,HM3_FineTuned,219.2,76.6,1,36.67,21.95
SES-1968,Base_Model,296.8,54.5,2,49.22,35.05
SES-1969,Base_Model,229.4,37.8,6,42.52,39.55
SES-1970,HM3_FineTuned,368.6,56.5,6,65.1,27.81
SES-1971,HM3_FineTuned,210.1,46.8,2,36.86,9.84
SES-1972,Base_Model,318.6,65.1,1,51.65,31.49
SES-1973,Base_Model,441.6,47.2,10,78.84,56.89
SES-1974,Base_Model,295.6,49.6,5,49.79,48.88
SES-1975,Base_Model,342.7,35.0,5,57.87,38.6
SES-1976,Base_Model,335.1,49.6,2,52.58,34.19
SES-1977,Base_Model,301.0,35.0,6,50.61,38.09
SES-1978,HM3_FineTuned,292.0,36.0,9,62.29,36.08
SES-1979,HM3_FineTuned,231.4,64.1,2,39.45,29.57
SES-1980,HM3_FineTuned,318.1,64.4,10,64.16,47.13
SES-1981,Base_Model,266.0,60.1,2,46.15,37.41
SES-1982,Base_Model,485.5,43.4,3,78.77,37.69
SES-1983,Base_Model,397.3,54.4,7,69.03,54.17
SES-1984,HM3_FineTuned,125.7,55.0,6,30.18,38.39
SES-1985,HM3_FineTuned,132.3,41.1,8,33.77,35.08
SES-1986,Base_Model,284.3,73.0,8,57.55,64.03
SES-1987,Base_Model,252.6,65.5,6,46.55,52.54
SES-1988,HM3_FineTuned,278.0,52.3,10,55.82,47.54
SES-1989,HM3_FineTuned,378.1,55.3,3,59.47,19.88
SES-1990,HM3_FineTuned,337.9,57.5,3,60.13,25.88
SES-1991,Base_Model,336.7,35.0,1,50.42,23.38
SES-1992,Base_Model,473.5,52.0,7,82.87,50.5
SES-1993,Base_Model,133.3,46.8,5,27.64,46.47
SES-1994,HM3_FineTuned,312.5,43.0,4,54.04,20.4
SES-1995,HM3_FineTuned,230.5,51.6,10,51.06,49.27
SES-1996,Base_Model,472.3,76.6,4,80.0,53.55
SES-1997,Base_Model,60.0,62.7,4,12.1,46.64
SES-1998,HM3_FineTuned,60.0,48.1,6,19.23,27.36
SES-1999,Base_Model,336.6,61.9,8,64.3,58.83
